#Teff,Styp,nH,U,dZ,T_H0,T_H+,T_H2
30488,9.5,1,-3,-1,3.948,4.015,3.779
31524,9,1,-3,-1,3.952,4.023,3.775
32522,8.5,1,-3,-1,3.955,4.032,3.766
33383,8,1,-3,-1,3.957,4.039,3.761
34419,7.5,1,-3,-1,3.96,4.049,3.756
35531,7,1,-3,-1,3.963,4.057,3.754
36826,6.5,1,-3,-1,3.964,4.065,3.75
38151,6,1,-3,-1,3.967,4.076,3.755
40062,5.5,1,-3,-1,3.963,4.094,3.792
41540,5,1,-3,-1,3.951,4.097,3.674
43419,4,1,-3,-1,3.953,4.102,3.7
44616,3,1,-3,-1,3.955,4.105,3.715
30488,9.5,1,-2,-1,3.901,4.043,3.13
31524,9,1,-2,-1,3.984,4.053,3.794
32522,8.5,1,-2,-1,3.99,4.064,3.801
33383,8,1,-2,-1,3.993,4.073,3.79
34419,7.5,1,-2,-1,3.996,4.085,3.766
35531,7,1,-2,-1,3.998,4.095,3.745
36826,6.5,1,-2,-1,4,4.104,3.733
38151,6,1,-2,-1,3.916,4.116,3.053
40062,5.5,1,-2,-1,4.011,4.142,3.738
41540,5,1,-2,-1,3.888,4.148,2.97
43419,4,1,-2,-1,3.906,4.156,3.04
44616,3,1,-2,-1,3.918,4.161,3.048
30488,9.5,1,-1,-1,3.079,4.044,2.239
31524,9,1,-1,-1,2.945,4.056,2.153
32522,8.5,1,-1,-1,3.145,4.067,2.293
33383,8,1,-1,-1,3.979,4.077,3.694
34419,7.5,1,-1,-1,3.98,4.089,3.667
35531,7,1,-1,-1,3.125,4.099,2.252
36826,6.5,1,-1,-1,3.271,4.108,2.341
38151,6,1,-1,-1,3.332,4.124,2.393
40062,5.5,1,-1,-1,3.32,4.157,2.398
41540,5,1,-1,-1,3.139,4.165,2.17
43419,4,1,-1,-1,3.394,4.176,2.26
44616,3,1,-1,-1,3.311,4.184,2.144
30488,9.5,1.25,-3,-1,3.948,4.016,3.773
31524,9,1.25,-3,-1,3.951,4.024,3.765
32522,8.5,1.25,-3,-1,3.954,4.032,3.758
33383,8,1.25,-3,-1,3.957,4.04,3.751
34419,7.5,1.25,-3,-1,3.96,4.049,3.742
35531,7,1.25,-3,-1,3.962,4.057,3.742
36826,6.5,1.25,-3,-1,3.964,4.065,3.739
38151,6,1.25,-3,-1,3.967,4.076,3.737
40062,5.5,1.25,-3,-1,3.953,4.094,3.627
41540,5,1.25,-3,-1,3.952,4.098,3.645
43419,4,1.25,-3,-1,3.953,4.102,3.669
44616,3,1.25,-3,-1,3.955,4.105,3.685
30488,9.5,1.25,-2,-1,3.982,4.044,3.825
31524,9,1.25,-2,-1,3.916,4.054,3.161
32522,8.5,1.25,-2,-1,3.989,4.065,3.795
33383,8,1.25,-2,-1,3.993,4.074,3.783
34419,7.5,1.25,-2,-1,3.996,4.086,3.767
35531,7,1.25,-2,-1,3.924,4.096,3.082
36826,6.5,1.25,-2,-1,3.921,4.104,3.082
38151,6,1.25,-2,-1,4.004,4.117,3.745
40062,5.5,1.25,-2,-1,3.924,4.143,3.016
41540,5,1.25,-2,-1,3.904,4.148,2.966
43419,4,1.25,-2,-1,3.917,4.156,3.034
44616,3,1.25,-2,-1,3.927,4.161,3.032
30488,9.5,1.25,-1,-1,3.231,4.044,2.405
31524,9,1.25,-1,-1,3.11,4.056,2.32
32522,8.5,1.25,-1,-1,3.196,4.067,2.376
33383,8,1.25,-1,-1,3.057,4.077,2.352
34419,7.5,1.25,-1,-1,3.071,4.089,2.348
35531,7,1.25,-1,-1,3.972,4.099,3.608
36826,6.5,1.25,-1,-1,3.974,4.109,3.587
38151,6,1.25,-1,-1,2.843,4.124,3.058
40062,5.5,1.25,-1,-1,2.864,4.158,3.019
41540,5,1.25,-1,-1,3.249,4.165,2.282
43419,4,1.25,-1,-1,3.421,4.176,2.294
44616,3,1.25,-1,-1,3.426,4.184,2.256
30488,9.5,1.5,-3,-1,3.947,4.017,3.767
31524,9,1.5,-3,-1,3.951,4.025,3.76
32522,8.5,1.5,-3,-1,3.954,4.033,3.746
33383,8,1.5,-3,-1,3.956,4.041,3.742
34419,7.5,1.5,-3,-1,3.959,4.05,3.734
35531,7,1.5,-3,-1,3.962,4.058,3.729
36826,6.5,1.5,-3,-1,3.963,4.066,3.726
38151,6,1.5,-3,-1,3.966,4.076,3.73
40062,5.5,1.5,-3,-1,3.961,4.094,3.764
41540,5,1.5,-3,-1,3.952,4.098,3.613
43419,4,1.5,-3,-1,3.953,4.102,3.636
44616,3,1.5,-3,-1,3.955,4.106,3.649
30488,9.5,1.5,-2,-1,3.981,4.045,3.82
31524,9,1.5,-2,-1,3.923,4.055,3.206
32522,8.5,1.5,-2,-1,3.987,4.065,3.777
33383,8,1.5,-2,-1,3.991,4.075,3.767
34419,7.5,1.5,-2,-1,3.928,4.086,3.125
35531,7,1.5,-2,-1,3.999,4.096,3.756
36826,6.5,1.5,-2,-1,4,4.105,3.735
38151,6,1.5,-2,-1,4.001,4.117,3.7
40062,5.5,1.5,-2,-1,3.93,4.143,3.025
41540,5,1.5,-2,-1,3.912,4.148,2.976
43419,4,1.5,-2,-1,3.927,4.156,3.011
44616,3,1.5,-2,-1,3.934,4.162,3.024
30488,9.5,1.5,-1,-1,3.175,4.046,2.391
31524,9,1.5,-1,-1,3.355,4.057,2.558
32522,8.5,1.5,-1,-1,3.966,4.068,3.687
33383,8,1.5,-1,-1,3.132,4.078,2.498
34419,7.5,1.5,-1,-1,3.02,4.09,2.638
35531,7,1.5,-1,-1,3.434,4.099,2.556
36826,6.5,1.5,-1,-1,3.289,4.109,2.51
38151,6,1.5,-1,-1,3.42,4.125,2.54
40062,5.5,1.5,-1,-1,3.167,4.158,2.592
41540,5,1.5,-1,-1,3.236,4.165,2.265
43419,4,1.5,-1,-1,3.342,4.176,2.231
44616,3,1.5,-1,-1,3.454,4.184,2.292
30488,9.5,1.75,-3,-1,3.947,4.018,3.764
31524,9,1.75,-3,-1,3.95,4.026,3.75
32522,8.5,1.75,-3,-1,3.953,4.034,3.739
33383,8,1.75,-3,-1,3.956,4.041,3.732
34419,7.5,1.75,-3,-1,3.959,4.051,3.729
35531,7,1.75,-3,-1,3.961,4.059,3.723
36826,6.5,1.75,-3,-1,3.963,4.066,3.721
38151,6,1.75,-3,-1,3.965,4.077,3.724
40062,5.5,1.75,-3,-1,3.96,4.095,3.758
41540,5,1.75,-3,-1,3.959,4.098,3.773
43419,4,1.75,-3,-1,3.953,4.103,3.601
44616,3,1.75,-3,-1,3.954,4.106,3.612
30488,9.5,1.75,-2,-1,3.982,4.046,3.83
31524,9,1.75,-2,-1,3.982,4.056,3.778
32522,8.5,1.75,-2,-1,3.989,4.066,3.797
33383,8,1.75,-2,-1,3.992,4.075,3.78
34419,7.5,1.75,-2,-1,3.995,4.087,3.764
35531,7,1.75,-2,-1,3.998,4.097,3.746
36826,6.5,1.75,-2,-1,3.998,4.105,3.719
38151,6,1.75,-2,-1,4,4.117,3.685
40062,5.5,1.75,-2,-1,3.938,4.143,3.035
41540,5,1.75,-2,-1,3.918,4.148,2.987
43419,4,1.75,-2,-1,3.927,4.156,3.042
44616,3,1.75,-2,-1,3.938,4.162,3.025
30488,9.5,1.75,-1,-1,3.35,4.046,2.573
31524,9,1.75,-1,-1,3.237,4.058,2.518
32522,8.5,1.75,-1,-1,3.344,4.068,2.634
33383,8,1.75,-1,-1,3.263,4.078,2.64
34419,7.5,1.75,-1,-1,3.456,4.09,2.674
35531,7,1.75,-1,-1,3.466,4.1,2.662
36826,6.5,1.75,-1,-1,2.996,4.11,3.121
38151,6,1.75,-1,-1,2.995,4.125,3.229
40062,5.5,1.75,-1,-1,3.156,4.158,3.112
41540,5,1.75,-1,-1,3.267,4.166,2.284
43419,4,1.75,-1,-1,3.507,4.177,2.402
44616,3,1.75,-1,-1,3.506,4.185,2.356
30488,9.5,1,-3,-0.5,3.878,3.882,3.708
31524,9,1,-3,-0.5,3.884,3.894,3.699
32522,8.5,1,-3,-0.5,3.891,3.905,3.697
33383,8,1,-3,-0.5,3.895,3.915,3.691
34419,7.5,1,-3,-0.5,3.902,3.928,3.695
35531,7,1,-3,-0.5,3.906,3.939,3.689
36826,6.5,1,-3,-0.5,3.909,3.949,3.69
38151,6,1,-3,-0.5,3.915,3.964,3.692
40062,5.5,1,-3,-0.5,3.929,3.992,3.695
41540,5,1,-3,-0.5,3.93,3.998,3.699
43419,4,1,-3,-0.5,3.931,4.006,3.708
44616,3,1,-3,-0.5,3.934,4.011,3.717
30488,9.5,1,-2,-0.5,3.926,3.913,3.747
31524,9,1,-2,-0.5,3.933,3.925,3.744
32522,8.5,1,-2,-0.5,3.937,3.936,3.724
33383,8,1,-2,-0.5,3.941,3.946,3.714
34419,7.5,1,-2,-0.5,3.947,3.958,3.714
35531,7,1,-2,-0.5,3.95,3.967,3.702
36826,6.5,1,-2,-0.5,3.952,3.973,3.689
38151,6,1,-2,-0.5,3.956,3.981,3.689
40062,5.5,1,-2,-0.5,3.969,4.005,3.69
41540,5,1,-2,-0.5,3.963,4.012,3.698
43419,4,1,-2,-0.5,3.962,4.021,3.731
44616,3,1,-2,-0.5,3.966,4.029,3.732
30488,9.5,1,-1,-0.5,3.586,3.912,2.713
31524,9,1,-1,-0.5,3.415,3.923,2.504
32522,8.5,1,-1,-0.5,3.359,3.932,2.443
33383,8,1,-1,-0.5,3.551,3.941,2.654
34419,7.5,1,-1,-0.5,3.266,3.949,2.38
35531,7,1,-1,-0.5,3.648,3.955,2.745
36826,6.5,1,-1,-0.5,3.649,3.959,2.72
38151,6,1,-1,-0.5,3.495,3.967,2.519
40062,5.5,1,-1,-0.5,3.316,3.994,2.403
41540,5,1,-1,-0.5,3.356,4.002,2.352
43419,4,1,-1,-0.5,3.519,4.014,2.345
44616,3,1,-1,-0.5,3.567,4.023,2.353
30488,9.5,1.25,-3,-0.5,3.879,3.885,3.707
31524,9,1.25,-3,-0.5,3.885,3.896,3.696
32522,8.5,1.25,-3,-0.5,3.891,3.908,3.69
33383,8,1.25,-3,-0.5,3.897,3.918,3.693
34419,7.5,1.25,-3,-0.5,3.902,3.93,3.685
35531,7,1.25,-3,-0.5,3.906,3.941,3.685
36826,6.5,1.25,-3,-0.5,3.91,3.951,3.686
38151,6,1.25,-3,-0.5,3.915,3.965,3.684
40062,5.5,1.25,-3,-0.5,3.929,3.993,3.684
41540,5,1.25,-3,-0.5,3.93,3.999,3.692
43419,4,1.25,-3,-0.5,3.931,4.007,3.702
44616,3,1.25,-3,-0.5,3.933,4.012,3.705
30488,9.5,1.25,-2,-0.5,3.928,3.916,3.756
31524,9,1.25,-2,-0.5,3.933,3.927,3.744
32522,8.5,1.25,-2,-0.5,3.937,3.938,3.72
33383,8,1.25,-2,-0.5,3.941,3.947,3.708
34419,7.5,1.25,-2,-0.5,3.946,3.959,3.695
35531,7,1.25,-2,-0.5,3.95,3.968,3.692
36826,6.5,1.25,-2,-0.5,3.953,3.974,3.692
38151,6,1.25,-2,-0.5,3.956,3.982,3.691
40062,5.5,1.25,-2,-0.5,3.969,4.006,3.695
41540,5,1.25,-2,-0.5,3.963,4.012,3.695
43419,4,1.25,-2,-0.5,3.961,4.022,3.724
44616,3,1.25,-2,-0.5,3.966,4.029,3.725
30488,9.5,1.25,-1,-0.5,3.931,3.914,3.704
31524,9,1.25,-1,-0.5,3.638,3.924,2.814
32522,8.5,1.25,-1,-0.5,3.621,3.934,2.769
33383,8,1.25,-1,-0.5,3.295,3.942,2.425
34419,7.5,1.25,-1,-0.5,3.451,3.951,2.528
35531,7,1.25,-1,-0.5,3.268,3.956,2.427
36826,6.5,1.25,-1,-0.5,3.326,3.96,2.477
38151,6,1.25,-1,-0.5,3.583,3.968,2.63
40062,5.5,1.25,-1,-0.5,3.957,3.996,3.582
41540,5,1.25,-1,-0.5,3.352,4.004,2.356
43419,4,1.25,-1,-0.5,3.957,4.015,3.562
44616,3,1.25,-1,-0.5,3.647,4.024,2.457
30488,9.5,1.5,-3,-0.5,3.879,3.888,3.698
31524,9,1.5,-3,-0.5,3.886,3.9,3.694
32522,8.5,1.5,-3,-0.5,3.893,3.91,3.691
33383,8,1.5,-3,-0.5,3.897,3.92,3.685
34419,7.5,1.5,-3,-0.5,3.903,3.932,3.686
35531,7,1.5,-3,-0.5,3.907,3.943,3.682
36826,6.5,1.5,-3,-0.5,3.911,3.953,3.681
38151,6,1.5,-3,-0.5,3.915,3.967,3.679
40062,5.5,1.5,-3,-0.5,3.929,3.994,3.684
41540,5,1.5,-3,-0.5,3.929,4,3.688
43419,4,1.5,-3,-0.5,3.93,4.008,3.692
44616,3,1.5,-3,-0.5,3.932,4.013,3.698
30488,9.5,1.5,-2,-0.5,3.928,3.918,3.755
31524,9,1.5,-2,-0.5,3.933,3.929,3.74
32522,8.5,1.5,-2,-0.5,3.938,3.94,3.723
33383,8,1.5,-2,-0.5,3.942,3.949,3.718
34419,7.5,1.5,-2,-0.5,3.946,3.961,3.699
35531,7,1.5,-2,-0.5,3.95,3.969,3.686
36826,6.5,1.5,-2,-0.5,3.953,3.975,3.694
38151,6,1.5,-2,-0.5,3.957,3.983,3.696
40062,5.5,1.5,-2,-0.5,3.969,4.007,3.69
41540,5,1.5,-2,-0.5,3.963,4.013,3.698
43419,4,1.5,-2,-0.5,3.96,4.023,3.709
44616,3,1.5,-2,-0.5,3.966,4.03,3.72
30488,9.5,1.5,-1,-0.5,3.928,3.916,3.693
31524,9,1.5,-1,-0.5,3.348,3.926,2.499
32522,8.5,1.5,-1,-0.5,3.393,3.935,2.533
33383,8,1.5,-1,-0.5,3.486,3.943,2.609
34419,7.5,1.5,-1,-0.5,3.362,3.952,2.515
35531,7,1.5,-1,-0.5,3.637,3.958,2.761
36826,6.5,1.5,-1,-0.5,3.409,3.962,2.565
38151,6,1.5,-1,-0.5,3.921,3.97,3.442
40062,5.5,1.5,-1,-0.5,3.53,3.998,2.589
41540,5,1.5,-1,-0.5,3.386,4.005,2.392
43419,4,1.5,-1,-0.5,3.599,4.017,2.456
44616,3,1.5,-1,-0.5,3.586,4.025,2.403
30488,9.5,1.75,-3,-0.5,3.881,3.892,3.702
31524,9,1.75,-3,-0.5,3.888,3.903,3.696
32522,8.5,1.75,-3,-0.5,3.894,3.913,3.69
33383,8,1.75,-3,-0.5,3.898,3.923,3.681
34419,7.5,1.75,-3,-0.5,3.904,3.935,3.682
35531,7,1.75,-3,-0.5,3.908,3.945,3.678
36826,6.5,1.75,-3,-0.5,3.911,3.955,3.674
38151,6,1.75,-3,-0.5,3.916,3.969,3.679
40062,5.5,1.75,-3,-0.5,3.929,3.996,3.681
41540,5,1.75,-3,-0.5,3.929,4.001,3.683
43419,4,1.75,-3,-0.5,3.93,4.009,3.688
44616,3,1.75,-3,-0.5,3.931,4.014,3.688
30488,9.5,1.75,-2,-0.5,3.929,3.92,3.756
31524,9,1.75,-2,-0.5,3.933,3.931,3.736
32522,8.5,1.75,-2,-0.5,3.938,3.942,3.72
33383,8,1.75,-2,-0.5,3.943,3.951,3.719
34419,7.5,1.75,-2,-0.5,3.946,3.962,3.697
35531,7,1.75,-2,-0.5,3.95,3.971,3.687
36826,6.5,1.75,-2,-0.5,3.953,3.977,3.689
38151,6,1.75,-2,-0.5,3.956,3.985,3.68
40062,5.5,1.75,-2,-0.5,3.968,4.008,3.675
41540,5,1.75,-2,-0.5,3.962,4.015,3.691
43419,4,1.75,-2,-0.5,3.96,4.024,3.717
44616,3,1.75,-2,-0.5,3.964,4.031,3.707
30488,9.5,1.75,-1,-0.5,3.931,3.917,3.708
31524,9,1.75,-1,-0.5,3.427,3.927,2.604
32522,8.5,1.75,-1,-0.5,3.923,3.937,3.612
33383,8,1.75,-1,-0.5,3.605,3.944,2.779
34419,7.5,1.75,-1,-0.5,3.653,3.953,2.818
35531,7,1.75,-1,-0.5,3.609,3.959,2.735
36826,6.5,1.75,-1,-0.5,3.626,3.964,2.744
38151,6,1.75,-1,-0.5,3.399,3.972,2.886
40062,5.5,1.75,-1,-0.5,3.471,4,2.627
41540,5,1.75,-1,-0.5,3.645,4.008,2.688
43419,4,1.75,-1,-0.5,3.643,4.019,2.52
44616,3,1.75,-1,-0.5,3.663,4.027,2.499
30488,9.5,1,-3,0,3.617,3.618,3.612
31524,9,1,-3,0,3.63,3.632,3.619
32522,8.5,1,-3,0,3.644,3.649,3.628
33383,8,1,-3,0,3.652,3.659,3.628
34419,7.5,1,-3,0,3.648,3.663,3.617
35531,7,1,-3,0,3.697,3.684,3.659
36826,6.5,1,-3,0,3.706,3.704,3.658
38151,6,1,-3,0,3.721,3.732,3.658
40062,5.5,1,-3,0,3.774,3.785,3.664
41540,5,1,-3,0,3.783,3.796,3.664
43419,4,1,-3,0,3.796,3.81,3.665
44616,3,1,-3,0,3.805,3.82,3.67
30488,9.5,1,-2,0,3.744,3.707,3.688
31524,9,1,-2,0,3.757,3.725,3.687
32522,8.5,1,-2,0,3.766,3.742,3.678
33383,8,1,-2,0,3.775,3.756,3.675
34419,7.5,1,-2,0,3.785,3.772,3.672
35531,7,1,-2,0,3.793,3.782,3.672
36826,6.5,1,-2,0,3.798,3.784,3.674
38151,6,1,-2,0,3.802,3.784,3.671
40062,5.5,1,-2,0,3.818,3.794,3.668
41540,5,1,-2,0,3.833,3.802,3.673
43419,4,1,-2,0,3.846,3.814,3.677
44616,3,1,-2,0,3.856,3.824,3.683
30488,9.5,1,-1,0,3.705,3.707,3.701
31524,9,1,-1,0,3.721,3.722,3.718
32522,8.5,1,-1,0,3.729,3.732,3.719
33383,8,1,-1,0,3.732,3.738,3.709
34419,7.5,1,-1,0,3.704,3.712,3.68
35531,7,1,-1,0,3.665,3.666,3.663
36826,6.5,1,-1,0,3.643,3.642,3.648
38151,6,1,-1,0,3.645,3.644,3.65
40062,5.5,1,-1,0,3.676,3.675,3.681
41540,5,1,-1,0,3.689,3.688,3.694
43419,4,1,-1,0,3.708,3.708,3.713
44616,3,1,-1,0,3.724,3.723,3.728
30488,9.5,1.25,-3,0,3.623,3.624,3.616
31524,9,1.25,-3,0,3.635,3.638,3.621
32522,8.5,1.25,-3,0,3.639,3.645,3.616
33383,8,1.25,-3,0,3.645,3.656,3.617
34419,7.5,1.25,-3,0,3.693,3.672,3.656
35531,7,1.25,-3,0,3.703,3.693,3.657
36826,6.5,1.25,-3,0,3.712,3.713,3.659
38151,6,1.25,-3,0,3.727,3.739,3.658
40062,5.5,1.25,-3,0,3.777,3.79,3.66
41540,5,1.25,-3,0,3.786,3.8,3.661
43419,4,1.25,-3,0,3.799,3.814,3.663
44616,3,1.25,-3,0,3.807,3.823,3.667
30488,9.5,1.25,-2,0,3.75,3.716,3.687
31524,9,1.25,-2,0,3.762,3.733,3.687
32522,8.5,1.25,-2,0,3.771,3.749,3.677
33383,8,1.25,-2,0,3.78,3.763,3.678
34419,7.5,1.25,-2,0,3.789,3.777,3.669
35531,7,1.25,-2,0,3.797,3.786,3.674
36826,6.5,1.25,-2,0,3.801,3.788,3.669
38151,6,1.25,-2,0,3.806,3.788,3.67
40062,5.5,1.25,-2,0,3.821,3.798,3.668
41540,5,1.25,-2,0,3.834,3.805,3.665
43419,4,1.25,-2,0,3.848,3.818,3.673
44616,3,1.25,-2,0,3.858,3.827,3.68
30488,9.5,1.25,-1,0,3.711,3.713,3.708
31524,9,1.25,-1,0,3.725,3.727,3.722
32522,8.5,1.25,-1,0,3.732,3.735,3.723
33383,8,1.25,-1,0,3.736,3.741,3.715
34419,7.5,1.25,-1,0,3.713,3.721,3.687
35531,7,1.25,-1,0,3.677,3.677,3.672
36826,6.5,1.25,-1,0,3.653,3.652,3.657
38151,6,1.25,-1,0,3.656,3.655,3.661
40062,5.5,1.25,-1,0,3.686,3.686,3.691
41540,5,1.25,-1,0,3.698,3.697,3.702
43419,4,1.25,-1,0,3.719,3.718,3.722
44616,3,1.25,-1,0,3.734,3.732,3.737
30488,9.5,1.5,-3,0,3.63,3.632,3.621
31524,9,1.5,-3,0,3.642,3.646,3.626
32522,8.5,1.5,-3,0,3.644,3.652,3.62
33383,8,1.5,-3,0,3.688,3.659,3.655
34419,7.5,1.5,-3,0,3.701,3.683,3.656
35531,7,1.5,-3,0,3.711,3.704,3.658
36826,6.5,1.5,-3,0,3.72,3.723,3.657
38151,6,1.5,-3,0,3.733,3.748,3.657
40062,5.5,1.5,-3,0,3.781,3.796,3.66
41540,5,1.5,-3,0,3.79,3.805,3.659
43419,4,1.5,-3,0,3.802,3.819,3.659
44616,3,1.5,-3,0,3.809,3.828,3.66
30488,9.5,1.5,-2,0,3.756,3.725,3.688
31524,9,1.5,-2,0,3.767,3.741,3.684
32522,8.5,1.5,-2,0,3.777,3.756,3.681
33383,8,1.5,-2,0,3.785,3.769,3.674
34419,7.5,1.5,-2,0,3.794,3.783,3.668
35531,7,1.5,-2,0,3.801,3.791,3.674
36826,6.5,1.5,-2,0,3.805,3.793,3.668
38151,6,1.5,-2,0,3.81,3.792,3.671
40062,5.5,1.5,-2,0,3.824,3.803,3.664
41540,5,1.5,-2,0,3.837,3.81,3.664
43419,4,1.5,-2,0,3.849,3.822,3.669
44616,3,1.5,-2,0,3.858,3.831,3.672
30488,9.5,1.5,-1,0,3.717,3.719,3.715
31524,9,1.5,-1,0,3.73,3.731,3.727
32522,8.5,1.5,-1,0,3.737,3.739,3.728
33383,8,1.5,-1,0,3.738,3.742,3.718
34419,7.5,1.5,-1,0,3.718,3.725,3.695
35531,7,1.5,-1,0,3.687,3.687,3.682
36826,6.5,1.5,-1,0,3.667,3.666,3.67
38151,6,1.5,-1,0,3.671,3.67,3.674
40062,5.5,1.5,-1,0,3.698,3.698,3.703
41540,5,1.5,-1,0,3.711,3.71,3.714
43419,4,1.5,-1,0,3.732,3.73,3.734
44616,3,1.5,-1,0,3.746,3.744,3.748
30488,9.5,1.75,-3,0,3.632,3.636,3.62
31524,9,1.75,-3,0,3.63,3.637,3.612
32522,8.5,1.75,-3,0,3.688,3.655,3.654
33383,8,1.75,-3,0,3.698,3.673,3.654
34419,7.5,1.75,-3,0,3.711,3.696,3.658
35531,7,1.75,-3,0,3.72,3.716,3.654
36826,6.5,1.75,-3,0,3.728,3.734,3.657
38151,6,1.75,-3,0,3.741,3.757,3.657
40062,5.5,1.75,-3,0,3.786,3.803,3.659
41540,5,1.75,-3,0,3.794,3.812,3.657
43419,4,1.75,-3,0,3.806,3.824,3.659
44616,3,1.75,-3,0,3.813,3.833,3.662
30488,9.5,1.75,-2,0,3.763,3.734,3.69
31524,9,1.75,-2,0,3.774,3.749,3.689
32522,8.5,1.75,-2,0,3.783,3.764,3.683
33383,8,1.75,-2,0,3.79,3.776,3.675
34419,7.5,1.75,-2,0,3.799,3.789,3.671
35531,7,1.75,-2,0,3.806,3.797,3.673
36826,6.5,1.75,-2,0,3.81,3.799,3.671
38151,6,1.75,-2,0,3.814,3.799,3.67
40062,5.5,1.75,-2,0,3.828,3.809,3.663
41540,5,1.75,-2,0,3.84,3.817,3.663
43419,4,1.75,-2,0,3.852,3.828,3.668
44616,3,1.75,-2,0,3.861,3.837,3.675
30488,9.5,1.75,-1,0,3.725,3.726,3.723
31524,9,1.75,-1,0,3.735,3.736,3.733
32522,8.5,1.75,-1,0,3.742,3.745,3.735
33383,8,1.75,-1,0,3.742,3.746,3.725
34419,7.5,1.75,-1,0,3.724,3.73,3.705
35531,7,1.75,-1,0,3.702,3.702,3.696
36826,6.5,1.75,-1,0,3.684,3.683,3.687
38151,6,1.75,-1,0,3.687,3.686,3.69
40062,5.5,1.75,-1,0,3.714,3.713,3.718
41540,5,1.75,-1,0,3.726,3.725,3.729
43419,4,1.75,-1,0,3.743,3.742,3.746
44616,3,1.75,-1,0,3.874,3.814,3.579
30488,9.5,1,-3,0.5,3.056,3.056,3.056
31524,9,1,-3,0.5,3.091,3.091,3.091
32522,8.5,1,-3,0.5,3.128,3.128,3.128
33383,8,1,-3,0.5,3.162,3.162,3.162
34419,7.5,1,-3,0.5,3.203,3.203,3.203
35531,7,1,-3,0.5,3.233,3.233,3.233
36826,6.5,1,-3,0.5,3.25,3.25,3.25
38151,6,1,-3,0.5,3.264,3.264,3.264
40062,5.5,1,-3,0.5,3.277,3.277,3.277
41540,5,1,-3,0.5,3.286,3.286,3.286
43419,4,1,-3,0.5,3.299,3.299,3.299
44616,3,1,-3,0.5,3.308,3.308,3.308
30488,9.5,1,-2,0.5,3.243,3.243,3.243
31524,9,1,-2,0.5,3.263,3.263,3.263
32522,8.5,1,-2,0.5,3.275,3.275,3.275
33383,8,1,-2,0.5,3.274,3.274,3.274
34419,7.5,1,-2,0.5,3.258,3.258,3.258
35531,7,1,-2,0.5,3.219,3.219,3.219
36826,6.5,1,-2,0.5,3.163,3.163,3.163
38151,6,1,-2,0.5,3.11,3.11,3.11
40062,5.5,1,-2,0.5,3.071,3.071,3.071
41540,5,1,-2,0.5,3.077,3.077,3.077
43419,4,1,-2,0.5,3.091,3.091,3.091
44616,3,1,-2,0.5,3.102,3.102,3.102
30488,9.5,1,-1,0.5,3.199,3.199,3.199
31524,9,1,-1,0.5,3.158,3.158,3.158
32522,8.5,1,-1,0.5,3.11,3.11,3.11
33383,8,1,-1,0.5,3.065,3.065,3.065
34419,7.5,1,-1,0.5,3.015,3.015,3.015
35531,7,1,-1,0.5,2.976,2.976,2.976
36826,6.5,1,-1,0.5,2.947,2.947,2.947
38151,6,1,-1,0.5,2.94,2.94,2.94
40062,5.5,1,-1,0.5,2.972,2.972,2.972
41540,5,1,-1,0.5,2.986,2.986,2.986
43419,4,1,-1,0.5,3.01,3.01,3.01
44616,3,1,-1,0.5,3.028,3.028,3.028
30488,9.5,1.25,-3,0.5,3.093,3.093,3.093
31524,9,1.25,-3,0.5,3.128,3.128,3.128
32522,8.5,1.25,-3,0.5,3.164,3.164,3.164
33383,8,1.25,-3,0.5,3.196,3.196,3.196
34419,7.5,1.25,-3,0.5,3.235,3.235,3.235
35531,7,1.25,-3,0.5,3.263,3.263,3.263
36826,6.5,1.25,-3,0.5,3.277,3.277,3.277
38151,6,1.25,-3,0.5,3.289,3.289,3.289
40062,5.5,1.25,-3,0.5,3.298,3.298,3.298
41540,5,1.25,-3,0.5,3.307,3.307,3.307
43419,4,1.25,-3,0.5,3.319,3.319,3.319
44616,3,1.25,-3,0.5,3.328,3.328,3.328
30488,9.5,1.25,-2,0.5,3.279,3.279,3.279
31524,9,1.25,-2,0.5,3.294,3.294,3.294
32522,8.5,1.25,-2,0.5,3.301,3.301,3.301
33383,8,1.25,-2,0.5,3.297,3.297,3.297
34419,7.5,1.25,-2,0.5,3.278,3.278,3.278
35531,7,1.25,-2,0.5,3.238,3.238,3.238
36826,6.5,1.25,-2,0.5,3.181,3.181,3.181
38151,6,1.25,-2,0.5,3.128,3.128,3.128
40062,5.5,1.25,-2,0.5,3.09,3.09,3.09
41540,5,1.25,-2,0.5,3.097,3.097,3.097
43419,4,1.25,-2,0.5,3.11,3.11,3.11
44616,3,1.25,-2,0.5,3.121,3.121,3.121
30488,9.5,1.25,-1,0.5,3.215,3.215,3.215
31524,9,1.25,-1,0.5,3.173,3.173,3.173
32522,8.5,1.25,-1,0.5,3.124,3.124,3.124
33383,8,1.25,-1,0.5,3.079,3.079,3.079
34419,7.5,1.25,-1,0.5,3.031,3.031,3.031
35531,7,1.25,-1,0.5,2.993,2.993,2.993
36826,6.5,1.25,-1,0.5,2.965,2.965,2.965
38151,6,1.25,-1,0.5,2.959,2.959,2.959
40062,5.5,1.25,-1,0.5,2.99,2.99,2.99
41540,5,1.25,-1,0.5,3.004,3.004,3.004
43419,4,1.25,-1,0.5,3.027,3.027,3.027
44616,3,1.25,-1,0.5,3.045,3.045,3.045
30488,9.5,1.5,-3,0.5,3.134,3.134,3.134
31524,9,1.5,-3,0.5,3.168,3.168,3.168
32522,8.5,1.5,-3,0.5,3.202,3.202,3.202
33383,8,1.5,-3,0.5,3.233,3.233,3.233
34419,7.5,1.5,-3,0.5,3.271,3.271,3.271
35531,7,1.5,-3,0.5,3.297,3.297,3.297
36826,6.5,1.5,-3,0.5,3.309,3.309,3.309
38151,6,1.5,-3,0.5,3.318,3.318,3.318
40062,5.5,1.5,-3,0.5,3.326,3.326,3.326
41540,5,1.5,-3,0.5,3.334,3.334,3.334
43419,4,1.5,-3,0.5,3.346,3.346,3.346
44616,3,1.5,-3,0.5,3.355,3.355,3.355
30488,9.5,1.5,-2,0.5,3.316,3.316,3.316
31524,9,1.5,-2,0.5,3.327,3.327,3.327
32522,8.5,1.5,-2,0.5,3.331,3.331,3.331
33383,8,1.5,-2,0.5,3.325,3.325,3.325
34419,7.5,1.5,-2,0.5,3.303,3.303,3.303
35531,7,1.5,-2,0.5,3.263,3.263,3.263
36826,6.5,1.5,-2,0.5,3.207,3.207,3.207
38151,6,1.5,-2,0.5,3.155,3.155,3.155
40062,5.5,1.5,-2,0.5,3.119,3.119,3.119
41540,5,1.5,-2,0.5,3.126,3.126,3.126
43419,4,1.5,-2,0.5,3.14,3.14,3.14
44616,3,1.5,-2,0.5,3.151,3.151,3.151
30488,9.5,1.5,-1,0.5,3.236,3.236,3.236
31524,9,1.5,-1,0.5,3.195,3.195,3.195
32522,8.5,1.5,-1,0.5,3.146,3.146,3.146
33383,8,1.5,-1,0.5,3.102,3.102,3.102
34419,7.5,1.5,-1,0.5,3.055,3.055,3.055
35531,7,1.5,-1,0.5,3.019,3.019,3.019
36826,6.5,1.5,-1,0.5,2.993,2.993,2.993
38151,6,1.5,-1,0.5,2.987,2.987,2.987
40062,5.5,1.5,-1,0.5,3.018,3.018,3.018
41540,5,1.5,-1,0.5,3.031,3.031,3.031
43419,4,1.5,-1,0.5,3.054,3.054,3.054
44616,3,1.5,-1,0.5,3.071,3.071,3.071
30488,9.5,1.75,-3,0.5,3.18,3.18,3.18
31524,9,1.75,-3,0.5,3.213,3.213,3.213
32522,8.5,1.75,-3,0.5,3.246,3.246,3.246
33383,8,1.75,-3,0.5,3.276,3.276,3.276
34419,7.5,1.75,-3,0.5,3.311,3.311,3.311
35531,7,1.75,-3,0.5,3.336,3.336,3.336
36826,6.5,1.75,-3,0.5,3.347,3.347,3.347
38151,6,1.75,-3,0.5,3.355,3.355,3.355
40062,5.5,1.75,-3,0.5,3.363,3.363,3.363
41540,5,1.75,-3,0.5,3.37,3.37,3.37
43419,4,1.75,-3,0.5,3.382,3.382,3.382
44616,3,1.75,-3,0.5,3.391,3.391,3.391
30488,9.5,1.75,-2,0.5,3.356,3.356,3.356
31524,9,1.75,-2,0.5,3.364,3.364,3.364
32522,8.5,1.75,-2,0.5,3.365,3.365,3.365
33383,8,1.75,-2,0.5,3.358,3.358,3.358
34419,7.5,1.75,-2,0.5,3.337,3.337,3.337
35531,7,1.75,-2,0.5,3.297,3.297,3.297
36826,6.5,1.75,-2,0.5,3.243,3.243,3.243
38151,6,1.75,-2,0.5,3.194,3.194,3.194
40062,5.5,1.75,-2,0.5,3.163,3.163,3.163
41540,5,1.75,-2,0.5,3.17,3.17,3.17
43419,4,1.75,-2,0.5,3.184,3.184,3.184
44616,3,1.75,-2,0.5,3.196,3.196,3.196
30488,9.5,1.75,-1,0.5,3.265,3.265,3.265
31524,9,1.75,-1,0.5,3.225,3.225,3.225
32522,8.5,1.75,-1,0.5,3.178,3.178,3.178
33383,8,1.75,-1,0.5,3.136,3.136,3.136
34419,7.5,1.75,-1,0.5,3.091,3.091,3.091
35531,7,1.75,-1,0.5,3.058,3.058,3.058
36826,6.5,1.75,-1,0.5,3.034,3.034,3.034
38151,6,1.75,-1,0.5,3.03,3.03,3.03
40062,5.5,1.75,-1,0.5,3.059,3.059,3.059
41540,5,1.75,-1,0.5,3.072,3.072,3.072
43419,4,1.75,-1,0.5,3.093,3.093,3.093
44616,3,1.75,-1,0.5,3.11,3.11,3.11
